title,year,rating,poster_url,imdb_id,note
Ashley,2013,5.2,https://m.media-amazon.com/images/M/MV5BMjAxMDM4NTc4Ml5BMl5BanBnXkFtZTcwMDEwMzYwOQ@@._V1_SX300.jpg,tt2084093,
Hating Alison Ashley,2005,5.5,https://m.media-amazon.com/images/M/MV5BMjMyODc5NzU4NV5BMl5BanBnXkFtZTgwODczOTkwMzE@._V1_SX300.jpg,tt0402247,
Ashley Jones Is Perfectly Normal,2021,4.4,https://m.media-amazon.com/images/M/MV5BM2RmZjZhMTYtMWZjNC00YzgwLTkzODItZWMyNDk4Mzk5YjE3XkEyXkFqcGc@._V1_SX300.jpg,tt10674614,
Ashley and Kisha: Finding the Right Fit,2007,7.3,https://m.media-amazon.com/images/M/MV5BODY4MTU0NjM5N15BMl5BanBnXkFtZTcwMzI0NTUxMg@@._V1_SX300.jpg,tt1039947,
Life with Ashley,2009,9.0,https://m.media-amazon.com/images/M/MV5BMjE0NTY2MzQzMF5BMl5BanBnXkFtZTcwMDgyMTg3OA@@._V1_SX300.jpg,tt1462564,
Ashley Austin Morris: Slightly Off,2024,0.0,https://m.media-amazon.com/images/M/MV5BMWRhNGMxM2UtYmUyNC00M2NiLWIyZjktNTA4NDFhY2I3ZjBmXkEyXkFqcGc@._V1_SX300.jpg,tt33111071,
Ashley's Ashes,2010,6.7,https://m.media-amazon.com/images/M/MV5BNDY0MDE3OTE5NV5BMl5BanBnXkFtZTcwNDEzMzA2Nw@@._V1_SX300.jpg,tt1270288,
The Ashley Madison Affair,2023,5.7,https://m.media-amazon.com/images/M/MV5BNjEyMmZmNzctNTkwMy00MjRlLTgyZTItYjNjMGI1Y2ZmOWNkXkEyXkFqcGc@._V1_SX300.jpg,tt26217696,
Moving Ashley,2018,0.0,https://m.media-amazon.com/images/M/MV5BZDRiYTQ5OWYtYWJlMS00NDA5LThhNWMtMzBmOWY3OWI3YjZjXkEyXkFqcGdeQXVyNTI1NzcyOTY@._V1_SX300.jpg,tt8219958,
Who's the Girl? The Story of Ashley Cleveland,2018,0.0,https://m.media-amazon.com/images/M/MV5BYmEyMGVhZjktYmU1NS00YzljLWI4MWMtOWRiZjZlZWMyNGJjXkEyXkFqcGdeQXVyNDUzNTUwNzk@._V1_SX300.jpg,tt8855464,
